Title,Image URL,Lot Number,Sale Status,Auction Link
 Benriach-Glenlivet 12 Year Old Cadenhead's,https://d3suvtcq00dftb.cloudfront.net/images/e06c582ab622cb75c405741f8a6e5c0e-med.jpg,143-07807,Sold for £35,auctions/188-the-143rd-auction/655263--benriach-glenlivet-12-year-old-cadenheads/
"""Back To Our Roots"" 25 Year Old Blended Scotch Private Stock",https://d3suvtcq00dftb.cloudfront.net/images/3153cb04fd992d83c012d04406c8f930-med.jpg,143-04819,Sold for £150,auctions/188-the-143rd-auction/652117-back-to-our-roots-25-year-old-blended-scotch-private-stock/
A Secret Sutherland Distillery 2008 14 Year Old Sansibar & Deinwhisky.de,https://d3suvtcq00dftb.cloudfront.net/images/13cc84446326a811b589174b80b6df7b-med.jpg,143-07523,Sold for £150,auctions/188-the-143rd-auction/654965-a-secret-sutherland-distillery-2008-14-year-old-sansibar--deinwhiskyde/
A Speyside 2003 19 Year Old Cadenhead's Warehouse Tasting ,https://d3suvtcq00dftb.cloudfront.net/images/8a4183a597fceb73977a1e06522c25fc-med.jpg,143-06118,Sold for £110,auctions/188-the-143rd-auction/653529-a-speyside-2003-19-year-old-cadenheads-warehouse-tasting-/
A Speyside Distillery 13 Year Old Chorlton Whisky,https://d3suvtcq00dftb.cloudfront.net/images/c5bc62c6499926568f996b6d0c11ff0d-med.jpg,143-07191,Sold for £50,auctions/188-the-143rd-auction/654623-a-speyside-distillery-13-year-old-chorlton-whisky/
A Speyside Distillery 2008 12 Year Old Single Malts Of Scotland Parcel No.6,https://d3suvtcq00dftb.cloudfront.net/images/845bd9918b1d2fe812592df132f7886c-med.jpg,143-02111,Sold for £75,auctions/188-the-143rd-auction/649316-a-speyside-distillery-2008-12-year-old-single-malts-of-scotland-parcel-no6/
A Speyside Distillery 2008 12 Year Old Single Malts Of Scotland Parcel No.6,https://d3suvtcq00dftb.cloudfront.net/images/4649827c6e950c16523635874b9de296-med.jpg,143-01584,Sold for £80,auctions/188-the-143rd-auction/648772-a-speyside-distillery-2008-12-year-old-single-malts-of-scotland-parcel-no6/
A Speyside Distillery 2008 12 Year Old The Whisky Exchange,https://d3suvtcq00dftb.cloudfront.net/images/874f8ffb815c09d1d2e46f60ef4eafb9-med.jpg,143-03162,Sold for £200,auctions/188-the-143rd-auction/650373-a-speyside-distillery-2008-12-year-old-the-whisky-exchange/
A Speyside Distillery 2008 12 Year Old The Whisky Exchange,https://d3suvtcq00dftb.cloudfront.net/images/422b741d17dec378b2bb14b0c9df3656-med.jpg,143-03161,Sold for £210,auctions/188-the-143rd-auction/650372-a-speyside-distillery-2008-12-year-old-the-whisky-exchange/
A Speyside Distillery 2009 13 Year Old Thompson Bros,https://d3suvtcq00dftb.cloudfront.net/images/cb6a834421cc786939e57f0afd9ff95c-med.jpg,143-03473,Sold for £60,auctions/188-the-143rd-auction/650687-a-speyside-distillery-2009-13-year-old-thompson-bros/
A Speyside Distillery 2010 11 Year Old Thompson Bros ,https://d3suvtcq00dftb.cloudfront.net/images/243cdcd4281999fd8f107a34b25e423b-med.jpg,143-07237,Sold for £60,auctions/188-the-143rd-auction/654669-a-speyside-distillery-2010-11-year-old-thompson-bros-/
A Tennessee Distillery 18 Year Old Cadenhead's,https://d3suvtcq00dftb.cloudfront.net/images/0d9adb73805cf72e4d886c7959a3e048-med.jpg,143-02449,Sold for £90,auctions/188-the-143rd-auction/649654-a-tennessee-distillery-18-year-old-cadenheads/
Aber Falls Inaugural Release,https://d3suvtcq00dftb.cloudfront.net/images/190a4a77732a150730d30c01752ee0bc-med.jpg,143-02335,Sold for £80,auctions/188-the-143rd-auction/649540-aber-falls-inaugural-release/
Aber Falls Inaugural Release,https://d3suvtcq00dftb.cloudfront.net/images/a9a61d16348c961c5ce17919733ef113-med.jpg,143-01222,Sold for £80,auctions/188-the-143rd-auction/648355-aber-falls-inaugural-release/
Aber Falls Inaugural Release,https://d3suvtcq00dftb.cloudfront.net/images/e78d5a0e9de98d110ea81c5ce37ed163-med.jpg,143-02353,Sold for £85,auctions/188-the-143rd-auction/649558-aber-falls-inaugural-release/
Aber Falls Single Malt,https://d3suvtcq00dftb.cloudfront.net/images/dd76c2353c3748ea74eba88459591440-med.jpg,143-08728,Sold for £25,auctions/188-the-143rd-auction/656559-aber-falls-single-malt/
Aberfeldy 12 Year Old,https://d3suvtcq00dftb.cloudfront.net/images/9198f4015c89b2543e9624f446853d45-med.jpg,143-02942,Sold for £30,auctions/188-the-143rd-auction/650151-aberfeldy-12-year-old/
Aberfeldy 12 Year Old 1L,https://d3suvtcq00dftb.cloudfront.net/images/2967c60834a0b3509db5f93861d758e9-med.jpg,143-04080,Sold for £40,auctions/188-the-143rd-auction/651315-aberfeldy-12-year-old-1l/
Aberfeldy 16 Year Old,https://d3suvtcq00dftb.cloudfront.net/images/0e36d61aa04014d890b1a10a813227b1-med.jpg,143-05960,Sold for £55,auctions/188-the-143rd-auction/653365-aberfeldy-16-year-old/
Aberfeldy 16 Year Old Madeira Finish 1L,https://d3suvtcq00dftb.cloudfront.net/images/ec792895737c8d1ef16fb4ef90c92057-med.jpg,143-02728,Sold for £65,auctions/188-the-143rd-auction/649935-aberfeldy-16-year-old-madeira-finish-1l/
